{"cameraMode":{"drawMode":0,"name":"Shaded","section":"Shading Mode"},"sceneLighting":false,"audioPlay":false,"sceneViewState":{"m_AlwaysRefresh":false,"showFog":true,"showSkybox":false,"showFlares":true,"showImageEffects":true,"showParticleSystems":true,"showVisualEffectGraphs":true,"m_FxEnabled":true},"in2DMode":false,"pivot":{"x":5.131007671356201,"y":0.27635157108306887,"z":-6.876438140869141},"rotation":{"x":-0.18222036957740785,"y":0.026542197912931443,"z":-0.004919563885778189,"w":-0.9828989505767822},"size":6.333245754241943,"orthographic":false}